{
    "types": [
        {
            "id": 2001,
            "title": "60 câu hỏi điểm liệt",
            "quantity": 60,
            "description": "Các câu hỏi điểm liệt là các câu hỏi nếu bạn làm sai trong bài thi sẽ bị đánh trượt ngay."
        },
        {
            "id": 2002,
            "title": "Khái niệm và quy tắc",
            "quantity": 166,
            "description": "Khái niệm và quy tắc về giao thông đường bộ."
        },
        {
            "id": 2003,
            "title": "Nghiệp vụ vận tải",
            "quantity": 26,
            "description": "Câu hỏi liên quan đến nghiệp vụ vận tải."
        },
        {
            "id": 2004,
            "title": "Văn hóa và đạo đức lái xe",
            "quantity": 21,
            "description": "Câu hỏi về văn hóa và đạo đức của người lái xe."
        },
        {
            "id": 2005,
            "title": "Kỹ thuật lái xe",
            "quantity": 56,
            "description": "Câu hỏi về kỹ thuật lái xe."
        },
        {
            "id": 2006,
            "title": "Cấu tạo và sửa chữa",
            "quantity": 35,
            "description": "Câu hỏi về cấu tạo và sửa chữa phương tiện."
        },
        {
            "id": 2007,
            "title": "Biển báo đường bộ",
            "quantity": 182,
            "description": "Các câu hỏi về biển báo đường bộ."
        },
        {
            "id": 2008,
            "title": "Sa hình",
            "quantity": 144,
            "description": "Câu hỏi về sa hình giao thông."
        }
    ]
}
